{"perc_loss":1.565735101699829,"visual_results":{"format":"png","count":1,"filenames":["media/images/visual_results_64_132a695d72ca623af624.png"],"captions":["Input | RePaint | Refined | GT"],"_type":"images/separated","width":1024,"height":256},"l1_loss":0.03555343300104141,"grad_loss":0.023574717342853546,"_timestamp":1.7701902821319551e+09,"batch_loss":0.9655149579048157,"style_loss":0.003046402707695961,"epoch":3,"_step":65,"epoch_loss":0.8373608561754227,"_runtime":989,"_wandb":{"runtime":989}}