{"style_loss":0.003289099084213376,"grad_loss":0.03286610543727875,"_step":17,"_runtime":275,"batch_loss":1.0588995218276978,"l1_loss":0.04474794119596481,"_wandb":{"runtime":275},"_timestamp":1.7701906116452982e+09,"perc_loss":1.7544384002685547,"visual_results":{"format":"png","count":1,"filenames":["media/images/visual_results_13_d91e9873c60de36c3372.png"],"captions":["Input | RePaint | Refined | GT"],"_type":"images/separated","width":1024,"height":256}}