{"perc_loss":1.0212745666503906,"_runtime":1442,"visual_results":{"filenames":["media/images/visual_results_89_9c57080d0bb99560a245.png"],"captions":["Input | RePaint | Refined | GT"],"_type":"images/separated","width":1024,"height":256,"format":"png","count":1},"style_loss":0.0006649568676948547,"_step":94,"_wandb":{"runtime":1442},"_timestamp":1.7701956988908398e+09,"epoch_loss":0.14884986304243406,"epoch":5,"l1_loss":0.022187024354934692,"grad_loss":0.003131296020001173,"batch_loss":0.15850169956684113}