{"_runtime":1446,"_timestamp":1.7701853194626536e+09,"perc_loss":1.4206387996673584,"epoch":5,"visual_results":{"filenames":["media/images/visual_results_89_065436c0b12579df8bfb.png"],"captions":["Input | LaMa | Refined | GT"],"_type":"images/separated","width":1024,"height":256,"format":"png","count":1},"style_loss":0.0019287867471575737,"batch_loss":0.6421045064926147,"grad_loss":0.011216897517442703,"epoch_loss":0.6549646165966988,"l1_loss":0.01223552506417036,"_step":94,"_wandb":{"runtime":1446}}