{"_wandb":{"runtime":963},"_step":62,"_runtime":963,"epoch_loss":0.7044901619950931,"perc_loss":1.3155739307403564,"_timestamp":1.7701915696668434e+09,"grad_loss":0.020346885547041893,"batch_loss":0.7293320894241333,"visual_results":{"width":1024,"height":256,"format":"png","count":1,"filenames":["media/images/visual_results_58_f6b2a3ce00f314a8b430.png"],"captions":["Input | RePaint | Refined | GT"],"_type":"images/separated"},"l1_loss":0.023688558489084244,"style_loss":0.0022556507028639317,"epoch":3}