{"_timestamp":1.7701885107336402e+09,"_wandb":{"runtime":1447},"perc_loss":0.5628973245620728,"grad_loss":0.007944032549858093,"_step":94,"batch_loss":0.4258674085140228,"visual_results":{"count":1,"filenames":["media/images/visual_results_89_c5c2ba80c7a3d7eac84b.png"],"captions":["Input | RePaint | Refined | GT"],"_type":"images/separated","width":1024,"height":256,"format":"png"},"epoch_loss":0.4261196637948354,"l1_loss":0.010060422122478485,"epoch":5,"_runtime":1447,"style_loss":0.0014221809105947614}